V_bias/mV,Current,Temperature
-5000,-1.403817e-13,800.0
-4900,-1.3961880000000003e-13,800.0
-4800,-1.4343340000000002e-13,800.0
-4700,-1.419074e-13,800.0
-4600,-1.4190760000000003e-13,800.0
-4500,-1.380931e-13,800.0
-4400,-1.4495920000000001e-13,800.0
-4300,-1.4343340000000002e-13,800.0
-4200,-1.3961870000000002e-13,800.0
-4100,-1.3733000000000003e-13,800.0
-4000,-1.5411480000000003e-13,800.0
-3900,-1.365671e-13,800.0
-3800,-1.2817480000000002e-13,800.0
-3700,-1.2130800000000002e-13,800.0
-3600,-1.251228e-13,800.0
-3500,-1.335153e-13,800.0
-3400,-1.327524e-13,800.0
-3300,-1.22834e-13,800.0
-3200,-1.3733000000000003e-13,800.0
-3100,-1.23597e-13,800.0
-3000,-1.0452314000000002e-13,800.0
-2900,-1.0376024000000001e-13,800.0
-2800,-1.0223436000000001e-13,800.0
-2700,-1.037602e-13,800.0
-2600,-9.079026000000001e-14,800.0
-2500,-9.613084000000002e-14,800.0
-2400,-1.0223436000000001e-13,800.0
-2300,-9.079026000000001e-14,800.0
-2200,-8.621262000000001e-14,800.0
-2100,-8.621262000000001e-14,800.0
-2000,-8.621262e-14,800.0
-1900,-9.384202000000001e-14,800.0
-1800,-8.850144e-14,800.0
-1700,-7.629440000000001e-14,800.0
-1600,-8.087204e-14,800.0
-1500,-8.392380000000001e-14,800.0
-1400,-8.316086e-14,800.0
-1300,-6.56132e-14,800.0
-1200,-7.324264e-14,800.0
-1100,-6.179848e-14,800.0
-1000,-6.027260000000002e-14,800.0
-900,-5.798374e-14,800.0
-800,-4.8065419999999995e-14,800.0
-700,-4.501366e-14,800.0
-600,-4.57766e-14,800.0
-500,-4.501366e-14,800.0
-400,-4.57766e-14,800.0
-300,-3.204365e-14,800.0
-200,-4.043602e-14,800.0
-100,-3.356955e-14,800.0
0,4.425072e-14,800.0
100,4.1961900000000004e-14,800.0
200,4.272484e-14,800.0
300,4.1961900000000004e-14,800.0
400,6.027258e-14,800.0
500,7.171676e-14,800.0
600,8.621262000000001e-14,800.0
700,8.468674000000001e-14,800.0
800,9.841966000000001e-14,800.0
900,8.087204e-14,800.0
1000,9.460496e-14,800.0
1100,9.53679e-14,800.0
1200,1.136783e-13,800.0
1300,1.1291552000000001e-13,800.0
1400,1.190191e-13,800.0
1500,1.266488e-13,800.0
1600,1.365671e-13,800.0
1700,1.3961880000000003e-13,800.0
1800,1.5030000000000003e-13,800.0
1900,1.525889e-13,800.0
2000,1.602183e-13,800.0
2100,1.6937360000000002e-13,800.0
2200,1.8615800000000002e-13,800.0
2300,1.9149860000000002e-13,800.0
2400,1.8768390000000002e-13,800.0
2500,1.9836510000000002e-13,800.0
2600,1.945506e-13,800.0
2700,2.0218e-13,800.0
2800,2.059948e-13,800.0
2900,2.1514979999999998e-13,800.0
3000,2.2430500000000002e-13,800.0
3100,2.2735690000000003e-13,800.0
3200,2.304086e-13,800.0
3300,2.403271e-13,800.0
3400,2.2888280000000003e-13,800.0
3500,2.45668e-13,800.0
3600,2.5558639999999997e-13,800.0
3700,2.571122e-13,800.0
3800,2.6092699999999996e-13,800.0
3900,2.7160840000000003e-13,800.0
4000,2.6168999999999997e-13,800.0
4100,2.784747e-13,800.0
4200,2.86867e-13,800.0
4300,2.830522e-13,800.0
4400,3.089925e-13,800.0
4500,3.1280700000000004e-13,800.0
4600,3.082295e-13,800.0
4700,3.1356990000000004e-13,800.0
4800,3.1814750000000003e-13,800.0
4900,3.1662150000000003e-13,800.0
5000,3.3264350000000004e-13,800.0
-5000,-3.1738460000000004e-13,850.0
-4900,-3.2043630000000003e-13,850.0
-4800,-3.1204410000000005e-13,850.0
-4700,-3.1204410000000005e-13,850.0
-4600,-3.097554e-13,850.0
-4500,-3.1051820000000005e-13,850.0
-4400,-3.005999e-13,850.0
-4300,-3.044149e-13,850.0
-4200,-2.960224e-13,850.0
-4100,-2.891559e-13,850.0
-4000,-2.891558e-13,850.0
-3900,-2.815264e-13,850.0
-3800,-2.761858e-13,850.0
-3700,-2.7466e-13,850.0
-3600,-2.700825e-13,850.0
-3500,-2.5787529999999997e-13,850.0
-3400,-2.6092699999999996e-13,850.0
-3300,-2.677935e-13,850.0
-3200,-2.655048e-13,850.0
-3100,-2.479569e-13,850.0
-3000,-2.388012e-13,850.0
-2900,-2.304086e-13,850.0
-2800,-2.2659400000000003e-13,850.0
-2700,-2.2277910000000002e-13,850.0
-2600,-2.1896470000000005e-13,850.0
-2500,-2.067578e-13,850.0
-2400,-2.0752080000000002e-13,850.0
-2300,-2.098095e-13,850.0
-2200,-2.03706e-13,850.0
-2100,-1.983652e-13,850.0
-2000,-1.899728e-13,850.0
-1900,-1.8234330000000002e-13,850.0
-1800,-1.777657e-13,850.0
-1700,-1.7166240000000002e-13,850.0
-1600,-1.6784770000000002e-13,850.0
-1500,-1.602183e-13,850.0
-1400,-1.5411480000000003e-13,850.0
-1300,-1.335153e-13,850.0
-1200,-1.4495920000000001e-13,850.0
-1100,-1.342783e-13,850.0
-1000,-1.2283400000000003e-13,850.0
-900,-1.1825620000000002e-13,850.0
-800,-1.0604898000000002e-13,850.0
-700,-9.994554e-14,850.0
-600,-9.307908e-14,850.0
-500,-8.544968e-14,850.0
-400,-8.163498e-14,850.0
-300,-5.87467e-14,850.0
-200,-4.8065419999999995e-14,850.0
-100,-4.272484e-14,850.0
0,3.509542e-14,850.0
100,4.1961900000000004e-14,850.0
200,5.950966e-14,850.0
300,6.332438e-14,850.0
400,8.544968e-14,850.0
500,1.0604902000000001e-13,850.0
600,1.2664900000000002e-13,850.0
700,1.4801100000000001e-13,850.0
800,1.632702e-13,850.0
900,1.7318830000000002e-13,850.0
1000,1.9226150000000001e-13,850.0
1100,1.991283e-13,850.0
1200,2.0675789999999997e-13,850.0
1300,2.2888290000000004e-13,850.0
1400,2.372751e-13,850.0
1500,2.601643e-13,850.0
1600,2.6855670000000003e-13,850.0
1700,2.700826e-13,850.0
1800,2.731341e-13,850.0
1900,3.1128120000000005e-13,850.0
2000,3.0441460000000004e-13,850.0
2100,3.3416930000000003e-13,850.0
2200,2.6245246e-13,850.0
2300,3.64687e-13,850.0
2400,3.7460520000000006e-13,850.0
2500,3.921526e-13,850.0
2600,4.051227e-13,850.0
2700,4.1885600000000006e-13,850.0
2800,4.3029960000000007e-13,850.0
2900,4.4403260000000006e-13,850.0
3000,4.4632140000000006e-13,850.0
3100,4.562399e-13,850.0
3200,4.791280000000001e-13,850.0
3300,4.905735e-13,850.0
3400,5.027808999999999e-13,850.0
3500,5.241432999999999e-13,850.0
3600,5.310094e-13,850.0
3700,5.40165e-13,850.0
3800,5.447427e-13,850.0
3900,5.600015e-13,850.0
4000,5.798379e-13,850.0
4100,5.828896e-13,850.0
4200,5.950963000000001e-13,850.0
4300,6.088293000000001e-13,850.0
4400,6.156960000000001e-13,850.0
4500,6.324802000000001e-13,850.0
4600,6.446875000000001e-13,850.0
4700,6.530799e-13,850.0
4800,6.698644000000001e-13,850.0
4900,6.782569e-13,850.0
5000,6.851233e-13,850.0
-5000,-6.340062000000001e-13,900.0
-4900,-6.286656000000001e-13,900.0
-4800,-6.279027e-13,900.0
-4700,-5.935706e-13,900.0
-4600,-6.225623e-13,900.0
-4500,-5.950963000000001e-13,900.0
-4400,-5.729713e-13,900.0
-4300,-5.630531000000001e-13,900.0
-4200,-5.89756e-13,900.0
-4100,-5.722084e-13,900.0
-4000,-5.615273999999999e-13,900.0
-3900,-5.500832e-13,900.0
-3800,-5.233803e-13,900.0
-3700,-5.294837e-13,900.0
-3600,-5.188026999999999e-13,900.0
-3500,-5.249062e-13,900.0
-3400,-5.050696e-13,900.0
-3300,-5.287208e-13,900.0
-3200,-4.783652e-13,900.0
-3100,-4.737872e-13,900.0
-3000,-4.84469e-13,900.0
-2900,-4.585286000000001e-13,900.0
-2800,-4.5395080000000006e-13,900.0
-2700,-4.2724810000000004e-13,900.0
-2600,-4.28011e-13,900.0
-2500,-4.333515e-13,900.0
-2400,-4.1580400000000004e-13,900.0
-2300,-3.891011e-13,900.0
-2200,-4.1275230000000005e-13,900.0
-2100,-3.875752e-13,900.0
-2000,-3.822346e-13,900.0
-1900,-3.601094e-13,900.0
-1800,-3.5400570000000007e-13,900.0
-1700,-3.4942820000000003e-13,900.0
-1600,-3.456134e-13,900.0
-1500,-3.2882870000000003e-13,900.0
-1400,-2.9602240000000006e-13,900.0
-1300,-2.998371e-13,900.0
-1200,-3.0136300000000006e-13,900.0
-1100,-2.914446e-13,900.0
-1000,-2.647417e-13,900.0
-900,-2.3727520000000003e-13,900.0
-800,-2.487197e-13,900.0
-700,-2.319345e-13,900.0
-600,-2.1972740000000003e-13,900.0
-500,-1.9455050000000003e-13,900.0
-400,-1.4343360000000003e-13,900.0
-300,-1.3580406000000001e-13,900.0
-200,-9.765672000000002e-14,900.0
-100,-4.806544e-14,900.0
0,3.509541e-14,900.0
100,5.035428e-14,900.0
200,6.713906000000001e-14,900.0
300,1.525889e-13,900.0
400,1.518259e-13,900.0
500,2.143869e-13,900.0
600,1.6708448e-13,900.0
700,2.624527e-13,900.0
800,3.112811e-13,900.0
900,3.395098e-13,900.0
1000,3.463763e-13,900.0
1100,3.738422e-13,900.0
1200,3.8452349999999996e-13,900.0
1300,4.386921e-13,900.0
1400,4.737874000000001e-13,900.0
1500,4.91336e-13,900.0
1600,5.210915e-13,900.0
1700,5.455055e-13,900.0
1800,5.485572e-13,900.0
1900,6.057776000000001e-13,900.0
2000,6.172218000000001e-13,900.0
2100,6.362951000000001e-13,900.0
2200,6.469762000000001e-13,900.0
2300,6.805457000000001e-13,900.0
2400,7.217445000000001e-13,900.0
2500,7.431068e-13,900.0
2600,7.339517e-13,900.0
2700,7.644691000000001e-13,900.0
2800,7.804907999999999e-13,900.0
2900,8.163489e-13,900.0
3000,8.468666e-13,900.0
3100,8.575477000000001e-13,900.0
3200,9.010353000000002e-13,900.0
3300,9.208715000000002e-13,900.0
3400,9.399452e-13,900.0
3500,9.498634e-13,900.0
3600,9.780944e-13,900.0
3700,9.979328e-13,900.0
3800,1.0154824e-12,900.0
3900,1.0505730000000002e-12,900.0
4000,1.145943e-12,900.0
4100,1.067357e-12,900.0
4200,1.094062e-12,900.0
4300,1.117715e-12,900.0
4400,1.145946e-12,900.0
4500,1.146708e-12,900.0
4600,1.1787460000000001e-12,900.0
4700,1.182563e-12,900.0
4800,1.2161320000000001e-12,900.0
4900,1.248178e-12,900.0
5000,1.265727e-12,900.0
-5000,-1.220404e-11,950.0
-4900,-1.2109436e-11,950.0
-4800,-1.2107910000000001e-11,950.0
-4700,-1.2327632e-11,950.0
-4600,-1.2179626000000002e-11,950.0
-4500,-1.1723379999999999e-11,950.0
-4400,-1.1589110000000002e-11,950.0
-4300,-1.1425846e-11,950.0
-4200,-1.1351074000000001e-11,950.0
-4100,-1.1212218e-11,950.0
-4000,-1.1042842e-11,950.0
-3900,-1.0914670000000002e-11,950.0
-3800,-1.0824644e-11,950.0
-3700,-1.0684264000000001e-11,950.0
-3600,-1.0472162000000001e-11,950.0
-3500,-1.0311948000000001e-11,950.0
-3400,-1.0191406e-11,950.0
-3300,-1.0049496e-11,950.0
-3200,-9.907598e-12,950.0
-3100,-9.81146e-12,950.0
-3000,-9.629886e-12,950.0
-2900,-9.457456e-12,950.0
-2800,-9.256036e-12,950.0
-2700,-9.191957999999999e-12,950.0
-2600,-8.976802e-12,950.0
-2500,-8.85016e-12,950.0
-2400,-8.635012000000002e-12,950.0
-2300,-8.523616e-12,950.0
-2200,-8.384768e-12,950.0
-2100,-8.169618e-12,950.0
-2000,-8.046018000000001e-12,950.0
-1900,-7.846130000000001e-12,950.0
-1800,-7.653836000000002e-12,950.0
-1700,-7.478364e-12,950.0
-1600,-7.273898000000001e-12,950.0
-1500,-7.179290000000001e-12,950.0
-1400,-6.889370000000001e-12,950.0
-1300,-6.72153e-12,950.0
-1200,-6.4529740000000004e-12,950.0
-1100,-6.124904000000001e-12,950.0
-1000,-5.863978e-12,950.0
-900,-5.697664000000001e-12,950.0
-800,-5.247532e-12,950.0
-700,-4.986608e-12,950.0
-600,-4.324366e-12,950.0
-500,-3.7292640000000005e-12,950.0
-400,-3.033468e-12,950.0
-300,-2.4612580000000004e-12,950.0
-200,-1.6937334e-12,950.0
-100,-9.628346e-13,950.0
0,2.8381532000000003e-13,950.0
100,8.30082e-13,950.0
200,1.5441970000000001e-12,950.0
300,2.262898e-12,950.0
400,3.074666e-12,950.0
500,3.820814e-12,950.0
600,4.550198e-12,950.0
700,5.288724e-12,950.0
800,5.9097580000000005e-12,950.0
900,6.6147120000000005e-12,950.0
1000,7.045016e-12,950.0
1100,7.496678e-12,950.0
1200,8.001764e-12,950.0
1300,8.387820000000001e-12,950.0
1400,8.857790000000001e-12,950.0
1500,9.207212000000001e-12,950.0
1600,9.617678000000002e-12,950.0
1700,1.0051022e-11,950.0
1800,1.0418768000000001e-11,950.0
1900,1.0775812000000001e-11,950.0
2000,1.1126772e-11,950.0
2100,1.1503654e-11,950.0
2200,1.1930912000000001e-11,950.0
2300,1.220709e-11,950.0
2400,1.2562618e-11,950.0
2500,1.2919678e-11,950.0
2600,1.3244688e-11,950.0
2700,1.3642946000000002e-11,950.0
2800,1.3992372e-11,950.0
2900,1.4338742000000002e-11,950.0
3000,1.4724795999999998e-11,950.0
3100,1.5095578e-11,950.0
3200,1.5385498e-11,950.0
3300,1.57182e-11,950.0
3400,1.6131712e-11,950.0
3500,1.644147e-11,950.0
3600,1.6764948e-11,950.0
3700,1.700604e-11,950.0
3800,1.7396666e-11,950.0
3900,1.7759824e-11,950.0
4000,1.8031426000000004e-11,950.0
4100,1.8368648000000002e-11,950.0
4200,1.8733340000000002e-11,950.0
4300,1.9069024000000004e-11,950.0
4400,1.9319268e-11,950.0
4500,1.9621394000000003e-11,950.0
4600,1.9969312e-11,950.0
4700,2.02577e-11,950.0
4800,2.058574e-11,950.0
4900,2.0973320000000003e-11,950.0
5000,2.120068e-11,950.0
-5000,-6.471146e-11,1050.0
-4900,-6.510212000000001e-11,1050.0
-4800,-6.420182000000001e-11,1050.0
-4700,-6.346788e-11,1050.0
-4600,-6.257678000000001e-11,1050.0
-4500,-6.172506e-11,1050.0
-4400,-6.082634e-11,1050.0
-4300,-5.997796000000001e-11,1050.0
-4200,-5.917078e-11,1050.0
-4100,-5.823692e-11,1050.0
-4000,-5.737636e-11,1050.0
-3900,-5.659052000000001e-11,1050.0
-3800,-5.5694840000000006e-11,1050.0
-3700,-5.4680100000000005e-11,1050.0
-3600,-5.3819500000000003e-11,1050.0
-3500,-5.2875020000000003e-11,1050.0
-3400,-5.201288e-11,1050.0
-3300,-5.1178200000000006e-11,1050.0
-3200,-5.033898000000001e-11,1050.0
-3100,-4.9440220000000004e-11,1050.0
-3000,-4.8526260000000005e-11,1050.0
-2900,-4.762598e-11,1050.0
-2800,-4.667380000000001e-11,1050.0
-2700,-4.586662e-11,1050.0
-2600,-4.485194e-11,1050.0
-2500,-4.3998960000000004e-11,1050.0
-2400,-4.289112000000001e-11,1050.0
-2300,-4.187798e-11,1050.0
-2200,-4.1041759999999996e-11,1050.0
-2100,-4.0046940000000004e-11,1050.0
-2000,-3.912836e-11,1050.0
-1900,-3.7977880000000005e-11,1050.0
-1800,-3.699972000000001e-11,1050.0
-1700,-3.5870620000000004e-11,1050.0
-1600,-3.4790280000000003e-11,1050.0
-1500,-3.35772e-11,1050.0
-1400,-3.22558e-11,1050.0
-1300,-3.087324e-11,1050.0
-1200,-2.93397e-11,1050.0
-1100,-2.750714e-11,1050.0
-1000,-2.552806e-11,1050.0
-900,-2.3387259999999998e-11,1050.0
-800,-2.1069460000000003e-11,1050.0
-700,-1.8693664e-11,1050.0
-600,-1.6179018e-11,1050.0
-500,-1.35346e-11,1050.0
-400,-1.0968080000000002e-11,1050.0
-300,-8.22454e-12,1050.0
-200,-5.610682000000001e-12,1050.0
-100,-2.867136e-12,1050.0
0,9.765684e-14,1050.0
100,2.565018e-12,1050.0
200,5.34213e-12,1050.0
300,7.963618e-12,1050.0
400,1.0754452000000001e-11,1050.0
500,1.3496458e-11,1050.0
600,1.6122556e-11,1050.0
700,1.882183e-11,1050.0
800,2.1400600000000002e-11,1050.0
900,2.4051000000000002e-11,1050.0
1000,2.655498e-11,1050.0
1100,2.8885000000000005e-11,1050.0
1200,3.1271559999999995e-11,1050.0
1300,3.3488700000000005e-11,1050.0
1400,3.5467800000000004e-11,1050.0
1500,3.747586e-11,1050.0
1600,3.93237e-11,1050.0
1700,4.1017399999999996e-11,1050.0
1800,4.2645480000000004e-11,1050.0
1900,4.4232440000000005e-11,1050.0
2000,4.5863560000000004e-11,1050.0
2100,4.746578e-11,1050.0
2200,4.896566e-11,1050.0
2300,5.041226e-11,1050.0
2400,5.2032699999999995e-11,1050.0
2500,5.351278e-11,1050.0
2600,5.50692e-11,1050.0
2700,5.6447080000000004e-11,1050.0
2800,5.791954e-11,1050.0
2900,5.934624000000001e-11,1050.0
3000,6.087214000000001e-11,1050.0
3100,6.226224e-11,1050.0
3200,6.381268e-11,1050.0
3300,6.531116000000002e-11,1050.0
3400,6.667832000000001e-11,1050.0
3500,6.803028e-11,1050.0
3600,6.946002e-11,1050.0
3700,7.098282000000001e-11,1050.0
3800,7.236836e-11,1050.0
3900,7.380574e-11,1050.0
4000,7.524156e-11,1050.0
4100,7.661636000000001e-11,1050.0
4200,7.810414e-11,1050.0
4300,7.943924e-11,1050.0
4400,8.084304000000001e-11,1050.0
4500,8.224840000000001e-11,1050.0
4600,8.362774e-11,1050.0
4700,8.495072e-11,1050.0
4800,8.629050000000001e-11,1050.0
4900,8.761188000000001e-11,1050.0
5000,8.896070000000001e-11,1050.0
-5000,-1.234022e-10,1100.0
-4900,-1.219679e-10,1100.0
-4800,-1.206366e-10,1100.0
-4700,-1.1911069999999998e-10,1100.0
-4600,-1.1745135e-10,1100.0
-4500,-1.158834e-10,1100.0
-4400,-1.1423170000000001e-10,1100.0
-4300,-1.1253800000000002e-10,1100.0
-4200,-1.1093965e-10,1100.0
-4100,-1.0926495e-10,1100.0
-4000,-1.0775815e-10,1100.0
-3900,-1.060644e-10,1100.0
-3800,-1.0444315e-10,1100.0
-3700,-1.0273800000000001e-10,1100.0
-3600,-1.010558e-10,1100.0
-3500,-9.935049999999999e-11,1100.0
-3400,-9.76836e-11,1100.0
-3300,-9.60089e-11,1100.0
-3200,-9.440285000000001e-11,1100.0
-3100,-9.265955e-11,1100.0
-3000,-9.085140000000001e-11,1100.0
-2900,-8.911955e-11,1100.0
-2800,-8.749455e-11,1100.0
-2700,-8.558335e-11,1100.0
-2600,-8.372555e-11,1100.0
-2500,-8.19479e-11,1100.0
-2400,-8.00634e-11,1100.0
-2300,-7.815204999999999e-11,1100.0
-2200,-7.62788e-11,1100.0
-2100,-7.42611e-11,1100.0
-2000,-7.221635e-11,1100.0
-1900,-7.02251e-11,1100.0
-1800,-6.814999999999999e-11,1100.0
-1700,-6.594115e-11,1100.0
-1600,-6.37286e-11,1100.0
-1500,-6.124145e-11,1100.0
-1400,-5.854074999999999e-11,1100.0
-1300,-5.556905e-11,1100.0
-1200,-5.22654e-11,1100.0
-1100,-4.8630070000000006e-11,1100.0
-1000,-4.483063e-11,1100.0
-900,-4.0725989999999997e-11,1100.0
-800,-3.6434315e-11,1100.0
-700,-3.2009265e-11,1100.0
-600,-2.7607104999999998e-11,1100.0
-500,-2.3105755000000003e-11,1100.0
-400,-1.864632e-11,1100.0
-300,-1.3965665e-11,1100.0
-200,-9.388015e-12,1100.0
-100,-4.703541000000001e-12,1100.0
0,1.182564e-13,1100.0
100,4.4861025e-12,1100.0
200,9.21634e-12,1100.0
300,1.379404e-11,1100.0
400,1.8501349999999998e-11,1100.0
500,2.2998960000000002e-11,1100.0
600,2.7652884999999998e-11,1100.0
700,3.2219090000000004e-11,1100.0
800,3.6808170000000003e-11,1100.0
900,4.1290565e-11,1100.0
1000,4.563933500000001e-11,1100.0
1100,4.996902e-11,1100.0
1200,5.4146200000000005e-11,1100.0
1300,5.83232e-11,1100.0
1400,6.23287e-11,1100.0
1500,6.6193e-11,1100.0
1600,6.979020000000001e-11,1100.0
1700,7.32043e-11,1100.0
1800,7.64277e-11,1100.0
1900,7.946434999999999e-11,1100.0
2000,8.24706e-11,1100.0
2100,8.530469999999999e-11,1100.0
2200,8.815815e-11,1100.0
2300,9.072540000000001e-11,1100.0
2400,9.34683e-11,1100.0
2500,9.61349e-11,1100.0
2600,9.885850000000001e-11,1100.0
2700,1.015326e-10,1100.0
2800,1.0417620000000001e-10,1100.0
2900,1.0681595e-10,1100.0
3000,1.094863e-10,1100.0
3100,1.1213359999999999e-10,1100.0
3200,1.1473525e-10,1100.0
3300,1.172987e-10,1100.0
3400,1.1990409999999998e-10,1100.0
3500,1.226012e-10,1100.0
3600,1.2514555e-10,1100.0
3700,1.2767085000000002e-10,1100.0
3800,1.302535e-10,1100.0
3900,1.3285895000000002e-10,1100.0
4000,1.3533840000000003e-10,1100.0
4100,1.3783699999999999e-10,1100.0
4200,1.4039275000000002e-10,1100.0
4300,1.4288765e-10,1100.0
4400,1.4541685e-10,1100.0
4500,1.479307e-10,1100.0
4600,1.504371e-10,1100.0
4700,1.5289365e-10,1100.0
4800,1.5530460000000001e-10,1100.0
4900,1.5777325000000002e-10,1100.0
5000,1.6026814999999998e-10,1100.0
-5000,-1.918842e-10,1150.0
-4900,-2.0963974999999998e-10,1150.0
-4800,-2.076104e-10,1150.0
-4700,-2.0527195e-10,1150.0
-4600,-2.0294495e-10,1150.0
-4500,-2.0021550000000002e-10,1150.0
-4400,-1.9756820000000002e-10,1150.0
-4300,-1.9514585000000001e-10,1150.0
-4200,-1.925557e-10,1150.0
-4100,-1.897252e-10,1150.0
-4000,-1.868947e-10,1150.0
-3900,-1.8394015e-10,1150.0
-3800,-1.8098755e-10,1150.0
-3700,-1.783708e-10,1150.0
-3600,-1.7533430000000003e-10,1150.0
-3500,-1.7237395e-10,1150.0
-3400,-1.6969989999999999e-10,1150.0
-3300,-1.6677975e-10,1150.0
-3200,-1.6385585e-10,1150.0
-3100,-1.6092615e-10,1150.0
-3000,-1.5803075e-10,1150.0
-2900,-1.5490024999999998e-10,1150.0
-2800,-1.5179695000000002e-10,1150.0
-2700,-1.4860795e-10,1150.0
-2600,-1.4534055e-10,1150.0
-2500,-1.420409e-10,1150.0
-2400,-1.3900245e-10,1150.0
-2300,-1.3546235e-10,1150.0
-2200,-1.319453e-10,1150.0
-2100,-1.2849860000000001e-10,1150.0
-2000,-1.2507119999999998e-10,1150.0
-1900,-1.2120869999999999e-10,1150.0
-1800,-1.175238e-10,1150.0
-1700,-1.1348595e-10,1150.0
-1600,-1.0894455e-10,1150.0
-1500,-1.0457475000000001e-10,1150.0
-1400,-9.909120000000001e-11,1150.0
-1300,-9.364190000000001e-11,1150.0
-1200,-8.735720000000001e-11,1150.0
-1100,-8.090845e-11,1150.0
-1000,-7.40435e-11,1150.0
-900,-6.713125e-11,1150.0
-800,-6.001885e-11,1150.0
-700,-5.265655e-11,1150.0
-600,-4.507095e-11,1150.0
-500,-3.7878185e-11,1150.0
-400,-3.0588295e-11,1150.0
-300,-2.3058089999999998e-11,1150.0
-200,-1.5312265e-11,1150.0
-100,-7.70763e-12,1150.0
0,4.882839500000001e-13,1150.0
100,7.3624e-12,1150.0
200,1.506622e-11,1150.0
300,2.2424834999999998e-11,1150.0
400,3.013625e-11,1150.0
500,3.7489080000000003e-11,1150.0
600,4.4866860000000006e-11,1150.0
700,5.24963e-11,1150.0
800,5.977845000000001e-11,1150.0
900,6.7467e-11,1150.0
1000,7.4446e-11,1150.0
1100,8.16733e-11,1150.0
1200,8.890975e-11,1150.0
1300,9.60527e-11,1150.0
1400,1.027991e-10,1150.0
1500,1.0950335000000002e-10,1150.0
1600,1.1576895e-10,1150.0
1700,1.2238175e-10,1150.0
1800,1.280963e-10,1150.0
1900,1.3374765e-10,1150.0
2000,1.395517e-10,1150.0
2100,1.4443075e-10,1150.0
2200,1.495329e-10,1150.0
2300,1.5446925e-10,1150.0
2400,1.591008e-10,1150.0
2500,1.640389e-10,1150.0
2600,1.6865075000000001e-10,1150.0
2700,1.7330105e-10,1150.0
2800,1.779416e-10,1150.0
2900,1.8249625e-10,1150.0
3000,1.870205e-10,1150.0
3100,1.916153e-10,1150.0
3200,1.9625785e-10,1150.0
3300,2.0062365e-10,1150.0
3400,2.0481979999999998e-10,1150.0
3500,2.0937659999999998e-10,1150.0
3600,2.1381125000000002e-10,1150.0
3700,2.1819795000000003e-10,1150.0
3800,2.2230265000000002e-10,1150.0
3900,2.2677155000000004e-10,1150.0
4000,2.3118135e-10,1150.0
4100,2.3535649999999997e-10,1150.0
4200,2.3976065e-10,1150.0
4300,2.438615e-10,1150.0
4400,2.4814335e-10,1150.0
4500,2.5231865e-10,1150.0
4600,2.565453e-10,1150.0
4700,2.6098945000000003e-10,1150.0
4800,2.6485945e-10,1150.0
4900,2.6882105e-10,1150.0
5000,2.729256e-10,1150.0
-5000,-3.27189e-10,1200.0
-4900,-3.2570115000000003e-10,1200.0
-4800,-3.2361455e-10,1200.0
-4700,-3.2052075e-10,1200.0
-4600,-3.1739675000000006e-10,1200.0
-4500,-3.1409314999999997e-10,1200.0
-4400,-3.1041850000000004e-10,1200.0
-4300,-3.067792e-10,1200.0
-4200,-3.025944e-10,1200.0
-4100,-2.9889425e-10,1200.0
-4000,-2.9478955e-10,1200.0
-3900,-2.9061255e-10,1200.0
-3800,-2.8645445e-10,1200.0
-3700,-2.822201e-10,1200.0
-3600,-2.778713e-10,1200.0
-3500,-2.736714e-10,1200.0
-3400,-2.692272e-10,1200.0
-3300,-2.6456945e-10,1200.0
-3200,-2.602552e-10,1200.0
-3100,-2.5563935e-10,1200.0
-3000,-2.5084415e-10,1200.0
-2900,-2.459195e-10,1200.0
-2800,-2.4125405e-10,1200.0
-2700,-2.3611945e-10,1200.0
-2600,-2.3114515e-10,1200.0
-2500,-2.2574354999999998e-10,1200.0
-2400,-2.2074620000000004e-10,1200.0
-2300,-2.1529515000000003e-10,1200.0
-2200,-2.099164e-10,1200.0
-2100,-2.042057e-10,1200.0
-2000,-1.9846465e-10,1200.0
-1900,-1.9231155e-10,1200.0
-1800,-1.8613175e-10,1200.0
-1700,-1.7908595e-10,1200.0
-1600,-1.7139940000000001e-10,1200.0
-1500,-1.6347625000000003e-10,1200.0
-1400,-1.5447675000000002e-10,1200.0
-1300,-1.449628e-10,1200.0
-1200,-1.3499505e-10,1200.0
-1100,-1.2452380000000002e-10,1200.0
-1000,-1.139304e-10,1200.0
-900,-1.0316529999999999e-10,1200.0
-800,-9.209115000000001e-11,1200.0
-700,-8.094085e-11,1200.0
-600,-6.95499e-11,1200.0
-500,-5.835374999999999e-11,1200.0
-400,-4.6768500000000004e-11,1200.0
-300,-3.5152575e-11,1200.0
-200,-2.368941e-11,1200.0
-100,-1.2008735e-11,1200.0
0,1.1596745e-12,1200.0
100,1.125345e-11,1200.0
200,2.265945e-11,1200.0
300,3.4393445e-11,1200.0
400,4.618867e-11,1200.0
500,5.74497e-11,1200.0
600,6.89585e-11,1200.0
700,8.061655e-11,1200.0
800,9.186225e-11,1200.0
900,1.0376045e-10,1200.0
1000,1.151014e-10,1200.0
1100,1.2625945e-10,1200.0
1200,1.375852e-10,1200.0
1300,1.4859450000000001e-10,1200.0
1400,1.5939065e-10,1200.0
1500,1.7036175e-10,1200.0
1600,1.8077975e-10,1200.0
1700,1.9116715e-10,1200.0
1800,2.0125315e-10,1200.0
1900,2.107632e-10,1200.0
2000,2.201053e-10,1200.0
2100,2.2869604999999998e-10,1200.0
2200,2.3721435e-10,1200.0
2300,2.4513749999999997e-10,1200.0
2400,2.531293e-10,1200.0
2500,2.6081975e-10,1200.0
2600,2.684376e-10,1200.0
2700,2.7603655000000005e-10,1200.0
2800,2.8331499999999997e-10,1200.0
2900,2.9049410000000006e-10,1200.0
3000,2.9762e-10,1200.0
3100,3.0473815e-10,1200.0
3200,3.11929e-10,1200.0
3300,3.188653e-10,1200.0
3400,3.2596835e-10,1200.0
3500,3.329073e-10,1200.0
3600,3.3973925e-10,1200.0
3700,3.4655625000000004e-10,1200.0
3800,3.5371635e-10,1200.0
3900,3.603387e-10,1200.0
4000,3.6741875e-10,1200.0
4100,3.7429285000000004e-10,1200.0
4200,3.812279e-10,1200.0
4300,3.8802575e-10,1200.0
4400,3.9487705e-10,1200.0
4500,4.0169e-10,1200.0
4600,4.083581e-10,1200.0
4700,4.151635e-10,1200.0
4800,4.2180105e-10,1200.0
4900,4.286179e-10,1200.0
5000,4.35534e-10,1200.0
